<?xml version="1.0" encoding="UTF-8"?>
<project-private xmlns="http://www.netbeans.org/ns/project-private/1">
    <editor-bookmarks xmlns="http://www.netbeans.org/ns/editor-bookmarks/2" lastBookmarkId="0"/>
    <open-files xmlns="http://www.netbeans.org/ns/projectui-open-files/2">
        <group>
            <file>file:/C:/Users/rafae/Downloads/Atividade%20-%20lojaCamisa/LojasCamisas/src/telas/Menu.java</file>
            <file>file:/C:/Users/rafae/Downloads/Atividade%20-%20lojaCamisa/LojasCamisas/src/lojascamisa/LojasCamisa.java</file>
            <file>file:/C:/Users/rafae/Downloads/Atividade%20-%20lojaCamisa/LojasCamisas/src/telas/Cadastro.java</file>
            <file>file:/C:/Users/rafae/Downloads/Atividade%20-%20lojaCamisa/LojasCamisas/src/classeDAO/CamisaDAO.java</file>
            <file>file:/C:/Users/rafae/Downloads/Atividade%20-%20lojaCamisa/LojasCamisas/src/telas/Consulta.java</file>
        </group>
    </open-files>
</project-private>
